size:19,ios:4;
size:9,ios:3;
size:5,ios:5;
size:4,ios:3;
size:9,ios:6;
size:9,ios:3;
size:11,ios:6;
size:8,ios:4;
size:15,ios:5;
size:11,ios:4;
size:9,ios:5;
size:13,ios:4;
size:9,ios:3;
size:6,ios:4;
size:18,ios:6;
size:12,ios:6;
size:11,ios:4;
size:13,ios:4;
size:11,ios:6;
size:10,ios:5;
size:10,ios:6;
size:13,ios:4;
size:9,ios:4;
size:15,ios:4;
size:13,ios:4;
size:11,ios:4;
size:7,ios:5;
size:6,ios:4;
size:11,ios:5;
size:3,ios:5;
size:7,ios:5;
size:9,ios:3;
size:7,ios:3;
size:10,ios:6;
size:9,ios:3;
size:6,ios:7;
size:9,ios:6;
size:7,ios:4;
size:8,ios:5;
size:14,ios:6;
size:7,ios:4;
size:10,ios:5;
size:10,ios:4;
size:7,ios:5;
size:15,ios:5;
size:9,ios:5;
size:4,ios:4;
size:11,ios:4;
size:10,ios:4;
size:6,ios:5;
size:6,ios:4;
size:5,ios:3;
size:12,ios:6;
size:9,ios:4;
size:15,ios:5;
size:10,ios:5;
size:8,ios:5;
size:19,ios:4;
size:12,ios:4;
size:15,ios:5;
size:13,ios:4;
size:5,ios:5;
size:7,ios:5;
size:8,ios:4;
size:8,ios:3;
size:7,ios:6;
size:13,ios:4;
size:12,ios:4;
size:16,ios:5;
size:15,ios:5;
size:7,ios:4;
size:6,ios:4;
size:6,ios:5;
size:5,ios:5;
size:12,ios:4;
size:15,ios:4;
size:17,ios:5;
size:13,ios:5;
size:6,ios:3;
size:10,ios:4;
size:11,ios:6;
size:3,ios:6;
size:17,ios:5;
size:15,ios:5;
size:7,ios:5;
size:7,ios:5;
size:5,ios:5;
size:8,ios:3;
size:11,ios:4;
size:9,ios:5;
size:10,ios:3;
size:9,ios:5;
size:3,ios:4;
size:16,ios:5;
size:7,ios:6;
size:9,ios:5;
size:10,ios:5;
size:10,ios:5;
size:6,ios:3;
size:5,ios:6;
size:16,ios:5;
size:6,ios:4;
size:10,ios:4;
size:11,ios:6;
size:9,ios:5;
size:15,ios:5;
size:20,ios:4;
size:8,ios:3;
size:7,ios:4;
size:10,ios:4;
size:10,ios:4;
size:16,ios:5;
size:5,ios:5;
size:9,ios:6;
size:5,ios:6;
size:11,ios:6;
size:8,ios:7;
size:13,ios:6;
size:8,ios:3;
size:7,ios:5;
size:3,ios:4;
size:15,ios:5;
size:18,ios:4;
size:4,ios:4;
size:8,ios:4;
size:15,ios:4;
size:8,ios:4;
size:16,ios:4;
size:9,ios:6;
size:5,ios:5;
size:9,ios:4;
size:10,ios:4;
size:10,ios:2;
size:5,ios:6;
size:10,ios:6;
size:14,ios:5;
size:7,ios:5;
size:12,ios:4;
size:10,ios:5;
size:8,ios:5;
size:15,ios:3;
size:8,ios:5;
size:6,ios:5;
size:11,ios:6;
size:5,ios:5;
size:11,ios:4;
size:8,ios:6;
size:9,ios:4;
size:11,ios:4;
size:11,ios:4;
size:14,ios:5;
size:11,ios:4;
size:8,ios:5;
size:10,ios:6;
size:4,ios:5;
size:7,ios:5;
size:9,ios:5;
size:14,ios:6;
size:7,ios:4;
size:9,ios:3;
size:4,ios:5;
size:12,ios:4;
size:10,ios:5;
size:14,ios:7;
size:13,ios:6;
size:10,ios:4;
size:15,ios:5;
size:8,ios:5;
size:13,ios:4;
size:8,ios:5;
size:12,ios:5;
size:19,ios:4;
size:8,ios:6;
size:10,ios:4;
size:11,ios:6;
size:10,ios:4;
size:7,ios:4;
size:11,ios:5;
size:8,ios:5;
size:9,ios:5;
size:7,ios:4;
size:4,ios:5;
size:9,ios:4;
size:13,ios:6;
size:7,ios:4;
size:8,ios:3;
size:6,ios:3;
size:13,ios:5;
size:11,ios:6;
size:10,ios:4;
size:13,ios:5;
size:10,ios:3;
size:8,ios:3;
size:14,ios:5;
size:10,ios:4;
size:10,ios:5;
size:13,ios:5;
size:8,ios:4;
size:11,ios:5;
size:11,ios:5;
size:12,ios:6;
size:15,ios:4;
size:5,ios:4;
size:10,ios:4;
size:11,ios:3;
size:8,ios:3;
size:8,ios:6;
size:5,ios:6;
size:14,ios:6;
size:10,ios:5;
size:9,ios:4;
size:6,ios:4;
size:7,ios:4;
size:10,ios:5;
size:13,ios:3;
size:10,ios:5;
size:5,ios:5;
size:17,ios:4;
size:7,ios:6;
size:13,ios:6;
size:7,ios:3;
size:13,ios:6;
size:20,ios:5;
size:7,ios:4;
size:5,ios:5;
size:5,ios:3;
size:7,ios:6;
size:14,ios:3;
size:14,ios:4;
size:15,ios:4;
size:13,ios:4;
size:9,ios:4;
size:7,ios:6;
size:10,ios:5;
size:9,ios:4;
size:10,ios:5;
size:9,ios:4;
size:13,ios:6;
size:10,ios:5;
size:9,ios:3;
size:9,ios:4;
size:3,ios:4;
size:12,ios:5;
size:13,ios:6;
size:11,ios:5;
size:7,ios:4;
size:6,ios:5;
size:6,ios:6;
size:5,ios:4;
size:16,ios:6;
size:16,ios:5;
size:8,ios:4;
size:8,ios:4;
size:10,ios:4;
size:10,ios:5;
size:7,ios:4;
size:8,ios:4;
size:9,ios:2;
size:12,ios:4;
size:12,ios:5;
size:13,ios:5;
size:13,ios:4;
size:10,ios:4;
size:12,ios:4;
size:18,ios:3;
size:7,ios:3;
size:13,ios:3;
size:6,ios:5;
size:10,ios:4;
size:10,ios:4;
size:13,ios:4;
size:7,ios:5;
size:13,ios:4;
size:14,ios:6;
size:9,ios:5;
size:7,ios:3;
size:4,ios:3;
size:11,ios:2;
size:10,ios:5;
size:8,ios:4;
size:6,ios:5;
size:7,ios:4;
size:13,ios:5;
size:10,ios:5;
size:8,ios:4;
size:5,ios:3;
size:9,ios:4;
size:8,ios:5;
size:13,ios:4;
size:7,ios:5;
size:8,ios:5;
size:12,ios:5;
size:7,ios:3;
size:12,ios:5;
size:15,ios:5;
size:10,ios:4;
size:14,ios:6;
size:6,ios:4;
size:12,ios:6;
size:12,ios:4;
size:8,ios:5;
size:8,ios:5;
size:13,ios:2;
size:13,ios:5;
size:12,ios:4;
size:2,ios:3;
size:5,ios:4;
size:8,ios:3;
size:11,ios:4;
size:11,ios:4;
size:20,ios:3;
size:10,ios:4;
size:13,ios:4;
size:7,ios:6;
size:7,ios:5;
size:4,ios:4;
size:16,ios:3;
size:9,ios:4;
size:12,ios:4;
size:10,ios:4;
size:10,ios:5;
size:6,ios:5;
size:4,ios:5;
size:16,ios:5;
size:10,ios:4;
size:12,ios:4;
size:13,ios:4;
size:13,ios:5;
size:12,ios:5;
size:12,ios:4;
size:14,ios:3;
size:13,ios:5;
size:16,ios:4;
size:5,ios:3;
size:17,ios:5;
size:7,ios:4;
size:10,ios:5;
size:18,ios:5;
size:13,ios:6;
size:11,ios:5;
size:9,ios:6;
size:9,ios:5;
size:7,ios:3;
size:11,ios:5;
size:11,ios:4;
size:14,ios:2;
size:14,ios:5;
size:13,ios:5;
size:10,ios:6;
size:10,ios:5;
size:17,ios:4;
size:4,ios:3;
size:14,ios:5;
size:16,ios:4;
size:13,ios:4;
size:7,ios:4;
size:5,ios:4;
size:11,ios:5;
size:8,ios:4;
size:13,ios:4;
size:14,ios:4;
size:4,ios:4;
size:8,ios:4;
size:8,ios:4;
size:10,ios:5;
size:10,ios:5;
size:8,ios:4;
size:10,ios:4;
size:10,ios:4;
size:13,ios:7;
size:11,ios:5;
size:11,ios:4;
size:8,ios:4;
size:11,ios:5;
size:11,ios:4;
size:13,ios:5;
size:14,ios:2;
size:11,ios:4;
size:10,ios:4;
size:7,ios:4;
size:4,ios:5;
size:8,ios:5;
size:7,ios:3;
size:10,ios:5;
size:10,ios:5;
size:7,ios:3;
size:7,ios:5;
size:10,ios:4;
size:12,ios:4;
size:5,ios:4;
size:11,ios:3;
size:12,ios:4;
size:7,ios:3;
size:11,ios:5;
size:12,ios:7;
size:12,ios:5;
size:9,ios:4;
size:12,ios:3;
size:12,ios:4;
size:8,ios:6;
size:13,ios:5;
size:8,ios:5;
size:12,ios:4;
size:7,ios:4;
size:5,ios:4;
size:8,ios:3;
size:7,ios:6;
size:14,ios:2;
size:14,ios:5;
size:4,ios:3;
size:10,ios:3;
size:8,ios:3;
size:12,ios:4;
size:8,ios:5;
size:18,ios:6;
size:11,ios:4;
size:12,ios:4;
size:5,ios:4;
size:6,ios:3;
size:4,ios:3;
size:13,ios:5;
size:8,ios:5;
size:15,ios:2;
size:7,ios:5;
size:5,ios:5;
size:13,ios:4;
size:7,ios:4;
size:8,ios:3;
size:4,ios:4;
size:12,ios:5;
size:11,ios:5;
size:13,ios:5;
size:9,ios:5;
size:9,ios:4;
size:13,ios:5;
size:9,ios:4;
size:11,ios:4;
size:17,ios:5;
size:8,ios:5;
size:9,ios:4;
size:13,ios:5;
size:11,ios:3;
size:13,ios:5;
size:11,ios:5;
size:5,ios:4;
size:12,ios:4;
size:15,ios:6;
size:10,ios:4;
size:10,ios:4;
size:11,ios:5;
size:8,ios:3;
size:14,ios:4;
size:13,ios:5;
size:14,ios:4;
size:10,ios:4;
size:7,ios:5;
size:10,ios:5;
size:6,ios:4;
size:9,ios:5;
size:14,ios:5;
size:5,ios:5;
size:10,ios:5;
size:8,ios:4;
size:9,ios:6;
size:10,ios:5;
size:12,ios:5;
size:14,ios:3;
size:7,ios:6;
size:13,ios:6;
size:12,ios:3;
size:12,ios:5;
size:5,ios:5;
size:11,ios:5;
size:13,ios:6;
size:7,ios:5;
size:8,ios:4;
size:6,ios:3;
size:9,ios:4;
size:15,ios:5;
size:13,ios:4;
size:17,ios:5;
size:10,ios:4;
size:12,ios:6;
size:11,ios:4;
size:7,ios:4;
size:12,ios:4;
size:13,ios:4;
size:5,ios:5;
size:11,ios:6;
size:12,ios:4;
size:12,ios:6;
size:12,ios:3;
size:8,ios:4;
size:7,ios:5;
size:11,ios:3;
size:8,ios:3;
size:11,ios:5;
size:14,ios:4;
size:14,ios:4;
size:11,ios:6;
size:12,ios:5;
size:5,ios:5;
size:9,ios:5;
size:10,ios:4;
size:10,ios:3;
size:6,ios:4;
size:7,ios:5;
size:17,ios:5;
size:13,ios:4;
size:7,ios:4;
size:19,ios:5;
size:7,ios:4;
size:9,ios:5;
size:11,ios:6;
size:6,ios:5;
size:9,ios:4;
size:10,ios:4;
size:12,ios:6;
size:10,ios:5;
size:10,ios:5;
size:10,ios:4;
size:4,ios:5;
size:19,ios:5;
size:14,ios:4;
size:10,ios:4;
size:9,ios:3;
size:8,ios:6;
size:7,ios:4;
size:9,ios:5;
size:8,ios:5;
size:10,ios:3;
size:7,ios:5;
size:16,ios:3;
size:8,ios:3;
size:16,ios:4;
size:3,ios:2;
size:8,ios:4;
size:10,ios:4;
size:10,ios:3;
size:13,ios:4;
size:13,ios:5;
size:6,ios:5;
size:14,ios:4;
size:9,ios:5;
size:13,ios:4;
size:9,ios:5;
size:11,ios:5;
size:9,ios:4;
size:12,ios:7;
size:9,ios:4;
size:9,ios:3;
size:11,ios:4;
size:11,ios:4;
size:11,ios:4;
size:10,ios:6;
size:8,ios:4;
size:10,ios:5;
size:8,ios:6;
size:11,ios:5;
size:9,ios:5;
size:17,ios:6;
size:11,ios:4;
size:6,ios:4;
size:11,ios:5;
size:13,ios:4;
size:13,ios:6;
size:11,ios:4;
size:17,ios:5;
size:7,ios:4;
size:6,ios:4;
size:13,ios:5;
size:9,ios:5;
size:12,ios:4;
size:8,ios:4;
size:17,ios:5;
size:7,ios:4;
size:7,ios:3;
size:11,ios:5;
size:9,ios:4;
size:12,ios:5;
size:10,ios:5;
size:19,ios:4;
size:12,ios:5;
size:9,ios:5;
size:14,ios:5;
size:13,ios:5;
size:11,ios:6;
size:11,ios:3;
size:6,ios:4;
size:12,ios:4;
size:8,ios:4;
size:14,ios:3;
size:9,ios:5;
size:12,ios:5;
size:7,ios:4;
size:13,ios:4;
size:17,ios:6;
size:10,ios:4;
size:8,ios:5;
size:7,ios:4;
size:7,ios:5;
size:13,ios:4;
size:8,ios:5;
size:11,ios:5;
size:16,ios:5;
size:8,ios:5;
size:6,ios:3;
size:5,ios:5;
size:7,ios:5;
size:9,ios:4;
size:8,ios:5;
size:11,ios:3;
size:10,ios:5;
size:12,ios:4;
size:8,ios:4;
size:10,ios:4;
size:4,ios:6;
size:11,ios:3;
size:8,ios:4;
size:7,ios:4;
size:12,ios:5;
size:8,ios:5;
size:11,ios:5;
size:7,ios:4;
size:5,ios:5;
size:12,ios:5;
size:8,ios:3;
size:8,ios:5;
size:10,ios:3;
size:14,ios:5;
size:5,ios:4;
size:10,ios:4;
size:13,ios:5;
size:11,ios:4;
size:11,ios:6;
size:9,ios:4;
size:10,ios:5;
size:9,ios:3;
size:9,ios:5;
size:12,ios:4;
size:14,ios:6;
size:6,ios:4;
size:8,ios:5;
size:14,ios:6;
size:12,ios:6;
size:7,ios:4;
size:8,ios:4;
size:11,ios:4;
size:14,ios:5;
size:7,ios:3;
size:14,ios:4;
size:8,ios:6;
size:13,ios:5;
size:9,ios:4;
size:12,ios:6;
size:10,ios:5;
size:9,ios:4;
size:8,ios:4;
size:13,ios:5;
size:9,ios:4;
size:7,ios:4;
size:9,ios:5;
size:7,ios:2;
size:15,ios:4;
size:14,ios:4;
size:16,ios:4;
size:12,ios:5;
size:13,ios:4;
size:12,ios:4;
size:20,ios:4;
size:8,ios:4;
size:9,ios:3;
size:10,ios:4;
size:10,ios:4;
size:3,ios:6;
size:16,ios:4;
size:21,ios:5;
size:17,ios:5;
size:7,ios:4;
size:10,ios:4;
size:10,ios:4;
size:11,ios:4;
size:6,ios:6;
size:12,ios:4;
size:6,ios:5;
size:7,ios:4;
size:8,ios:4;
size:8,ios:4;
size:14,ios:5;
size:11,ios:5;
size:7,ios:5;
size:12,ios:7;
size:9,ios:5;
size:13,ios:4;
size:11,ios:5;
size:5,ios:4;
size:7,ios:5;
size:15,ios:5;
size:8,ios:4;
size:11,ios:4;
size:8,ios:5;
size:11,ios:4;
size:8,ios:4;
size:6,ios:5;
size:10,ios:4;
size:11,ios:4;
size:15,ios:6;
size:5,ios:7;
size:7,ios:6;
size:8,ios:4;
size:16,ios:6;
size:11,ios:3;
size:16,ios:3;
size:5,ios:4;
size:10,ios:5;
size:14,ios:5;
size:8,ios:4;
size:9,ios:4;
size:11,ios:5;
size:15,ios:4;
size:13,ios:5;
size:10,ios:6;
size:8,ios:4;
size:14,ios:6;
size:11,ios:4;
size:13,ios:4;
size:5,ios:5;
size:11,ios:4;
size:6,ios:5;
size:11,ios:4;
size:12,ios:3;
size:9,ios:5;
size:14,ios:5;
size:8,ios:5;
size:17,ios:4;
size:7,ios:3;
size:7,ios:5;
size:8,ios:4;
size:7,ios:5;
size:11,ios:3;
size:13,ios:6;
size:13,ios:4;
size:9,ios:4;
size:14,ios:4;
size:9,ios:6;
size:10,ios:4;
size:8,ios:6;
size:12,ios:4;
size:6,ios:4;
size:8,ios:4;
size:12,ios:3;
size:13,ios:4;
size:12,ios:4;
size:7,ios:5;
size:5,ios:5;
size:13,ios:5;
size:11,ios:6;
size:14,ios:4;
size:11,ios:4;
size:6,ios:5;
size:12,ios:5;
size:12,ios:4;
size:7,ios:5;
size:13,ios:4;
size:4,ios:4;
size:9,ios:5;
size:5,ios:3;
size:10,ios:4;
size:4,ios:4;
size:8,ios:5;
size:10,ios:5;
size:6,ios:5;
size:7,ios:4;
size:9,ios:5;
size:8,ios:4;
size:8,ios:3;
size:11,ios:4;
size:5,ios:4;
size:9,ios:3;
size:9,ios:4;
size:7,ios:4;
size:12,ios:5;
size:10,ios:5;
size:19,ios:4;
size:14,ios:4;
size:9,ios:4;
size:17,ios:4;
size:6,ios:5;
size:12,ios:4;
size:11,ios:6;
size:10,ios:5;
size:10,ios:4;
size:8,ios:6;
size:9,ios:4;
size:12,ios:5;
size:8,ios:5;
size:13,ios:4;
size:13,ios:4;
size:10,ios:6;
size:11,ios:6;
size:1,ios:3;
size:10,ios:4;
size:11,ios:4;
size:5,ios:4;
size:10,ios:4;
size:12,ios:5;
size:11,ios:4;
size:7,ios:5;
size:9,ios:4;
size:17,ios:5;
size:8,ios:6;
size:13,ios:5;
size:9,ios:4;
size:11,ios:6;
size:15,ios:4;
size:15,ios:5;
size:12,ios:3;
size:10,ios:5;
size:7,ios:4;
size:14,ios:6;
size:8,ios:5;
size:7,ios:5;
size:11,ios:3;
size:9,ios:2;
size:10,ios:5;
size:9,ios:4;
size:10,ios:7;
size:6,ios:5;
size:6,ios:5;
size:13,ios:6;
size:8,ios:4;
size:6,ios:3;
size:18,ios:3;
size:7,ios:5;
size:11,ios:6;
size:8,ios:3;
size:11,ios:3;
size:9,ios:4;
size:16,ios:4;
size:8,ios:4;
size:7,ios:5;
size:12,ios:4;
size:14,ios:5;
size:10,ios:3;
size:9,ios:5;
size:12,ios:3;
size:5,ios:3;
size:7,ios:5;
size:11,ios:5;
size:11,ios:4;
size:7,ios:6;
size:11,ios:4;
size:11,ios:6;
size:13,ios:5;
size:12,ios:4;
size:9,ios:5;
size:12,ios:5;
size:3,ios:3;
size:10,ios:4;
size:15,ios:4;
size:17,ios:3;
size:9,ios:4;
size:9,ios:4;
size:5,ios:4;
size:13,ios:4;
size:8,ios:4;
size:9,ios:5;
size:18,ios:4;
size:8,ios:4;
size:12,ios:4;
size:10,ios:5;
size:7,ios:4;
size:13,ios:5;
size:8,ios:5;
size:7,ios:5;
size:7,ios:5;
size:7,ios:4;
size:12,ios:4;
size:7,ios:4;
size:12,ios:4;
size:14,ios:4;
size:10,ios:4;
size:6,ios:3;
size:15,ios:3;
size:15,ios:4;
size:14,ios:5;
size:4,ios:5;
size:5,ios:3;
size:12,ios:6;
size:7,ios:4;
size:9,ios:5;
size:11,ios:4;
size:10,ios:4;
size:11,ios:5;
size:11,ios:3;
size:7,ios:3;
size:11,ios:6;
size:15,ios:5;
size:10,ios:4;
size:10,ios:4;
size:8,ios:2;
size:10,ios:5;
size:10,ios:4;
size:10,ios:3;
size:8,ios:4;
size:12,ios:5;
size:16,ios:5;
size:7,ios:5;
size:13,ios:4;
size:9,ios:4;
size:11,ios:4;
size:10,ios:6;
size:13,ios:5;
size:9,ios:4;
size:3,ios:5;
size:13,ios:4;
size:4,ios:4;
size:12,ios:2;
size:11,ios:6;
size:5,ios:4;
size:9,ios:6;
size:4,ios:6;
size:5,ios:4;
size:10,ios:4;
size:14,ios:4;
size:5,ios:5;
size:11,ios:5;
size:13,ios:5;
size:9,ios:4;
size:12,ios:4;
size:13,ios:5;
size:12,ios:6;
size:4,ios:4;
size:10,ios:5;
size:8,ios:5;
size:8,ios:4;
size:11,ios:5;
size:9,ios:4;
size:10,ios:4;
size:5,ios:3;
size:15,ios:5;
size:6,ios:4;
size:3,ios:4;
size:10,ios:5;
size:15,ios:4;
size:6,ios:6;
size:7,ios:4;
size:9,ios:6;
size:14,ios:4;
size:6,ios:4;
size:6,ios:4;
size:10,ios:6;
size:14,ios:5;
size:12,ios:3;
size:7,ios:3;
size:12,ios:4;
size:7,ios:4;
size:11,ios:5;
size:6,ios:5;
size:11,ios:4;
size:12,ios:5;
size:7,ios:5;
size:7,ios:4;
size:10,ios:3;
size:11,ios:2;
size:10,ios:5;
size:7,ios:3;
size:13,ios:5;
size:9,ios:6;
size:12,ios:3;
size:8,ios:5;
size:18,ios:5;
size:12,ios:5;
size:11,ios:4;
size:11,ios:6;
size:9,ios:4;
size:13,ios:4;
size:6,ios:7;
size:5,ios:4;
size:10,ios:4;
size:9,ios:4;
size:8,ios:6;
size:10,ios:5;
size:12,ios:4;
size:7,ios:5;
size:11,ios:6;
size:10,ios:5;
size:14,ios:4;
size:13,ios:3;
size:11,ios:4;
size:6,ios:4;
size:8,ios:4;
size:12,ios:5;
size:5,ios:3;
size:10,ios:5;
size:16,ios:4;
size:8,ios:5;
size:12,ios:4;
size:7,ios:5;
size:10,ios:4;
size:11,ios:2;
size:14,ios:5;
size:18,ios:4;
size:7,ios:3;
size:9,ios:5;
size:6,ios:4;
size:9,ios:4;
size:12,ios:5;
size:7,ios:4;
size:9,ios:3;
size:12,ios:4;
size:4,ios:4;
size:9,ios:4;
size:10,ios:4;
size:13,ios:5;
size:10,ios:7;
size:11,ios:5;
size:10,ios:4;
size:12,ios:4;
size:11,ios:5;
size:12,ios:5;
size:7,ios:5;
size:9,ios:4;
size:9,ios:6;
size:14,ios:5;
size:8,ios:4;
size:6,ios:4;
size:13,ios:4;
size:12,ios:5;
size:6,ios:4;
size:13,ios:4;
size:11,ios:3;
size:8,ios:4;
size:13,ios:5;
size:8,ios:5;
size:14,ios:3;
size:9,ios:4;
size:7,ios:6;
size:11,ios:4;
size:10,ios:5;
size:12,ios:4;
size:13,ios:4;
size:8,ios:5;
size:12,ios:4;
size:10,ios:5;
size:7,ios:4;
size:7,ios:6;
size:11,ios:4;
size:9,ios:4;
size:3,ios:4;
size:12,ios:6;
size:12,ios:4;
size:12,ios:5;
size:10,ios:5;
size:10,ios:5;
size:10,ios:4;
size:11,ios:4;
size:10,ios:4;
size:6,ios:4;
size:5,ios:4;
size:17,ios:5;
size:10,ios:4;
size:12,ios:5;
size:11,ios:4;
size:11,ios:4;
size:17,ios:4;
size:9,ios:5;
size:11,ios:5;
size:14,ios:6;
size:13,ios:4;
size:9,ios:5;
size:8,ios:5;
size:7,ios:5;
size:11,ios:4;
size:14,ios:5;
size:9,ios:4;
size:12,ios:5;
size:13,ios:4;
size:15,ios:3;
size:8,ios:3;
size:16,ios:4;
size:10,ios:4;
size:9,ios:4;
size:15,ios:4;
size:11,ios:5;
size:12,ios:5;
size:9,ios:3;
size:10,ios:5;
size:8,ios:4;
size:11,ios:4;
size:12,ios:5;
size:5,ios:4;
size:17,ios:5;
size:9,ios:5;
size:15,ios:6;
size:13,ios:4;
size:14,ios:4;
size:6,ios:5;
size:9,ios:4;
size:12,ios:3;
size:3,ios:3;
size:9,ios:4;
size:15,ios:4;
size:9,ios:3;
size:11,ios:4;
size:11,ios:5;
size:10,ios:4;
size:7,ios:5;
size:11,ios:6;
size:14,ios:5;
size:8,ios:5;
size:3,ios:3;
size:17,ios:5;
size:8,ios:6;
size:10,ios:4;
size:6,ios:5;
size:8,ios:4;
size:11,ios:6;
size:12,ios:3;
size:12,ios:6;
size:8,ios:5;
size:10,ios:4;
size:17,ios:4;
size:10,ios:5;
size:10,ios:4;
size:6,ios:4;
size:7,ios:4;
size:5,ios:5;
size:10,ios:6;
size:12,ios:4;
size:7,ios:5;
size:10,ios:5;
size:10,ios:5;
size:5,ios:3;
size:13,ios:5;
size:12,ios:4;
size:14,ios:4;
size:10,ios:4;
size:4,ios:7;
size:8,ios:5;
size:14,ios:4;
size:11,ios:6;
size:17,ios:6;
size:12,ios:2;
size:14,ios:5;
size:11,ios:4;
size:15,ios:4;
size:12,ios:3;
size:13,ios:3;
size:11,ios:5;
size:9,ios:6;
size:13,ios:5;
size:11,ios:5;
size:6,ios:5;
size:5,ios:2;
size:10,ios:4;
size:8,ios:4;
size:9,ios:4;
size:10,ios:3;
size:15,ios:5;
size:9,ios:4;
size:6,ios:6;
size:9,ios:4;
size:9,ios:5;
size:7,ios:6;
size:6,ios:4;
size:7,ios:4;
size:10,ios:4;
size:14,ios:5;
size:9,ios:4;
size:5,ios:6;
size:7,ios:4;
size:9,ios:4;
size:9,ios:4;
size:6,ios:5;
size:13,ios:5;
size:10,ios:4;
size:11,ios:5;
size:6,ios:4;
size:9,ios:5;
size:5,ios:5;
size:11,ios:6;
size:10,ios:3;
size:14,ios:5;
size:9,ios:4;
size:6,ios:4;
size:10,ios:6;
size:7,ios:5;
size:8,ios:4;
size:7,ios:6;
size:12,ios:4;
size:6,ios:5;
size:7,ios:5;
size:9,ios:5;
size:8,ios:4;
size:13,ios:4;
size:4,ios:5;
size:7,ios:4;
size:5,ios:5;
size:12,ios:5;
size:12,ios:4;
size:11,ios:4;
size:7,ios:4;
size:12,ios:4;
size:11,ios:4;
size:8,ios:2;
size:13,ios:4;
size:10,ios:4;
size:10,ios:4;
size:13,ios:4;
size:5,ios:5;
size:13,ios:4;
size:8,ios:4;
size:13,ios:5;
size:11,ios:5;
size:14,ios:6;
size:8,ios:4;
size:9,ios:4;
size:12,ios:5;
size:15,ios:5;
size:4,ios:4;
size:12,ios:4;
size:7,ios:4;
size:9,ios:6;
size:9,ios:4;
size:10,ios:4;
size:11,ios:4;
size:9,ios:5;
size:8,ios:4;
size:14,ios:4;
size:10,ios:3;
size:9,ios:4;
size:12,ios:4;
size:8,ios:4;
size:13,ios:4;
size:11,ios:4;
size:10,ios:4;
size:12,ios:4;
size:14,ios:4;
size:8,ios:5;
size:12,ios:4;
size:14,ios:3;
size:6,ios:4;
size:14,ios:4;
size:11,ios:4;
size:8,ios:4;
size:13,ios:4;
size:5,ios:4;
size:6,ios:4;
size:11,ios:5;
size:18,ios:5;
size:5,ios:4;
size:2,ios:6;
size:11,ios:4;
size:6,ios:6;
size:8,ios:6;
size:8,ios:4;
size:7,ios:4;
size:7,ios:6;
size:8,ios:4;
size:8,ios:6;
size:7,ios:3;
size:13,ios:5;
size:10,ios:4;
size:7,ios:3;
size:15,ios:6;
size:5,ios:3;
size:12,ios:4;
size:16,ios:5;
size:13,ios:5;
size:9,ios:6;
size:19,ios:5;
size:9,ios:6;
size:10,ios:4;
size:9,ios:6;
size:10,ios:5;
size:8,ios:3;
size:13,ios:4;
size:13,ios:5;
size:22,ios:5;
size:11,ios:4;
size:11,ios:3;
size:6,ios:3;
size:17,ios:4;
size:8,ios:4;
size:8,ios:5;
size:10,ios:4;
size:7,ios:4;
size:8,ios:4;
size:9,ios:5;
size:5,ios:5;
size:8,ios:4;
size:7,ios:3;
size:13,ios:5;
size:12,ios:5;
size:5,ios:6;
size:4,ios:5;
size:4,ios:5;
size:13,ios:4;
size:10,ios:6;
size:8,ios:6;
size:10,ios:4;
size:8,ios:3;
size:9,ios:5;
size:7,ios:5;
size:12,ios:4;
size:13,ios:4;
size:10,ios:3;
size:10,ios:3;
size:10,ios:3;
size:7,ios:3;
size:7,ios:4;
size:10,ios:4;
size:5,ios:5;
size:8,ios:5;
size:5,ios:4;
size:11,ios:4;
size:10,ios:5;
size:7,ios:4;
size:8,ios:3;
size:14,ios:5;
size:9,ios:4;
size:14,ios:3;
size:19,ios:5;
size:11,ios:4;
size:7,ios:5;
size:9,ios:4;
size:11,ios:4;
size:8,ios:5;
size:14,ios:4;
size:6,ios:4;
size:12,ios:3;
size:5,ios:3;
size:9,ios:4;
size:11,ios:3;
size:11,ios:4;
size:15,ios:4;
size:8,ios:5;
size:8,ios:5;
size:12,ios:5;
size:8,ios:5;
size:4,ios:5;
size:13,ios:4;
size:10,ios:5;
size:10,ios:5;
size:8,ios:5;
size:8,ios:5;
size:9,ios:4;
size:8,ios:6;
size:9,ios:4;
size:6,ios:5;
size:17,ios:5;
size:9,ios:4;
size:9,ios:3;
size:6,ios:5;
size:8,ios:6;
size:7,ios:7;
size:13,ios:7;
size:8,ios:4;
size:10,ios:4;
size:10,ios:5;
size:12,ios:3;
size:8,ios:4;
size:13,ios:7;
size:7,ios:4;
size:9,ios:4;
size:7,ios:6;
size:9,ios:4;
size:7,ios:6;
size:6,ios:5;
size:4,ios:3;
size:13,ios:4;
size:10,ios:6;
size:9,ios:4;
size:9,ios:2;
size:6,ios:5;
size:12,ios:5;
size:13,ios:5;
size:10,ios:5;
size:9,ios:4;
size:10,ios:5;
size:8,ios:5;
size:10,ios:6;
size:6,ios:5;
size:10,ios:4;
size:12,ios:5;
size:11,ios:5;
size:14,ios:5;
size:13,ios:5;
size:6,ios:4;
size:11,ios:5;
size:15,ios:4;
size:7,ios:4;
size:7,ios:6;
size:12,ios:4;
size:11,ios:5;
size:6,ios:5;
size:13,ios:5;
size:14,ios:4;
size:11,ios:6;
size:11,ios:5;
size:10,ios:5;
size:11,ios:3;
size:14,ios:5;
size:6,ios:4;
size:4,ios:4;
size:10,ios:5;
size:13,ios:4;
size:6,ios:5;
size:10,ios:3;
size:13,ios:5;
size:8,ios:4;
size:12,ios:4;
size:7,ios:4;
size:7,ios:6;
size:12,ios:5;
size:16,ios:4;
size:7,ios:3;
size:8,ios:5;
size:11,ios:5;
size:23,ios:5;
size:10,ios:5;
size:12,ios:4;
size:14,ios:3;
size:8,ios:5;
size:2,ios:4;
size:7,ios:4;
size:10,ios:4;
size:8,ios:5;
size:13,ios:5;
size:7,ios:4;
size:10,ios:4;
size:5,ios:5;
size:7,ios:5;
size:3,ios:5;
size:14,ios:5;
size:5,ios:5;
size:8,ios:4;
size:9,ios:3;
size:9,ios:5;
size:8,ios:5;
size:12,ios:4;
size:9,ios:4;
size:7,ios:5;
size:5,ios:4;
size:9,ios:5;
size:14,ios:4;
size:12,ios:5;
size:7,ios:6;
size:6,ios:3;
size:10,ios:5;
size:11,ios:4;
size:8,ios:4;
size:14,ios:4;
size:4,ios:5;
size:8,ios:5;
size:10,ios:4;
size:13,ios:5;
size:7,ios:3;
size:8,ios:2;
size:7,ios:4;
size:12,ios:4;
size:11,ios:5;
size:7,ios:3;
size:8,ios:3;
size:15,ios:4;
size:11,ios:4;
size:11,ios:3;
size:7,ios:4;
size:6,ios:5;
size:13,ios:4;
size:5,ios:4;
size:16,ios:4;
size:14,ios:2;
size:9,ios:5;
size:8,ios:5;
size:6,ios:4;
size:15,ios:6;
size:7,ios:5;
size:12,ios:4;
size:12,ios:4;
size:7,ios:5;
size:11,ios:4;
size:9,ios:5;
size:9,ios:4;
size:10,ios:5;
size:7,ios:2;
size:11,ios:6;
size:9,ios:5;
size:12,ios:4;
size:8,ios:4;
size:5,ios:5;
size:19,ios:4;
size:15,ios:4;
size:8,ios:5;
size:11,ios:5;
size:12,ios:5;
size:7,ios:4;
size:14,ios:4;
size:13,ios:5;
size:6,ios:3;
size:14,ios:6;
size:7,ios:5;
size:17,ios:4;
size:11,ios:4;
size:7,ios:6;
size:12,ios:6;
size:12,ios:6;
size:11,ios:5;
size:12,ios:3;
size:9,ios:4;
size:5,ios:4;
size:14,ios:4;
size:15,ios:5;
size:12,ios:4;
size:12,ios:3;
size:14,ios:4;
size:9,ios:3;
size:11,ios:6;
size:13,ios:4;
size:11,ios:5;
size:13,ios:3;
size:13,ios:6;
size:11,ios:5;
size:13,ios:4;
size:16,ios:4;
size:13,ios:5;
size:11,ios:4;
size:16,ios:6;
size:11,ios:4;
size:15,ios:4;
size:8,ios:4;
size:15,ios:7;
size:9,ios:4;
size:10,ios:5;
size:10,ios:4;
size:15,ios:5;
size:11,ios:4;
size:12,ios:3;
size:11,ios:5;
size:11,ios:4;
size:14,ios:5;
size:10,ios:5;
size:10,ios:4;
size:13,ios:6;
size:14,ios:5;
size:6,ios:3;
size:12,ios:4;
size:8,ios:4;
size:12,ios:5;
size:12,ios:4;
size:12,ios:5;
size:3,ios:6;
size:5,ios:5;
size:11,ios:5;
size:7,ios:3;
size:12,ios:6;
size:8,ios:3;
size:11,ios:4;
size:8,ios:5;
size:16,ios:6;
size:11,ios:5;
size:13,ios:5;
size:11,ios:5;
size:14,ios:5;
size:7,ios:4;
size:12,ios:5;
size:7,ios:5;
size:9,ios:5;
size:13,ios:5;
size:7,ios:3;
size:6,ios:6;
size:6,ios:4;
size:12,ios:4;
size:7,ios:5;
size:7,ios:4;
size:9,ios:4;
size:8,ios:4;
size:5,ios:3;
size:9,ios:3;
size:14,ios:4;
size:11,ios:5;
size:9,ios:5;
size:9,ios:4;
size:11,ios:4;
size:8,ios:7;
size:11,ios:6;
size:7,ios:4;
size:10,ios:4;
size:8,ios:5;
size:8,ios:3;
size:10,ios:5;
size:11,ios:5;
size:9,ios:6;
size:10,ios:4;
size:16,ios:4;
size:10,ios:5;
size:7,ios:5;
size:14,ios:4;
size:11,ios:5;
size:5,ios:4;
size:11,ios:4;
size:11,ios:2;
size:14,ios:4;
size:6,ios:4;
size:8,ios:4;
size:13,ios:4;
size:12,ios:4;
size:5,ios:4;
size:12,ios:4;
size:7,ios:4;
size:15,ios:3;
size:14,ios:4;
size:8,ios:5;
size:10,ios:5;
size:9,ios:4;
size:8,ios:4;
size:6,ios:6;
size:11,ios:6;
size:13,ios:4;
size:14,ios:5;
size:8,ios:4;
size:13,ios:5;
size:15,ios:3;
size:13,ios:5;
size:11,ios:4;
size:9,ios:3;
size:14,ios:6;
size:7,ios:5;
size:9,ios:3;
size:9,ios:4;
size:16,ios:4;
size:11,ios:5;
size:4,ios:5;
size:10,ios:5;
size:15,ios:4;
size:13,ios:3;
size:8,ios:4;
size:10,ios:3;
size:9,ios:4;
size:9,ios:4;
size:8,ios:5;
size:12,ios:5;
size:14,ios:6;
size:11,ios:5;
size:10,ios:4;
size:6,ios:3;
size:13,ios:5;
size:15,ios:6;
size:13,ios:4;
size:8,ios:5;
size:5,ios:5;
size:4,ios:5;
size:11,ios:6;
size:3,ios:5;
size:10,ios:4;
size:12,ios:5;
size:8,ios:5;
size:15,ios:5;
size:12,ios:5;
size:10,ios:4;
size:8,ios:4;
size:11,ios:4;
size:16,ios:4;
size:6,ios:5;
size:9,ios:4;
size:16,ios:5;
size:8,ios:5;
size:11,ios:5;
size:12,ios:3;
size:13,ios:4;
size:15,ios:5;
size:3,ios:5;
size:11,ios:6;
size:6,ios:4;
size:8,ios:3;
size:7,ios:4;
size:11,ios:5;
size:6,ios:6;
size:12,ios:6;
size:3,ios:4;
size:9,ios:6;
size:10,ios:5;
size:18,ios:6;
size:7,ios:5;
size:9,ios:6;
size:12,ios:5;
size:9,ios:3;
size:12,ios:5;
size:12,ios:3;
size:8,ios:5;
size:12,ios:5;
size:9,ios:5;
size:11,ios:4;
size:7,ios:6;
size:11,ios:5;
size:12,ios:6;
size:12,ios:3;
size:10,ios:2;
size:21,ios:4;
size:13,ios:4;
size:7,ios:3;
size:7,ios:5;
size:15,ios:6;
size:7,ios:6;
size:3,ios:4;
size:13,ios:5;
size:8,ios:6;
size:14,ios:6;
size:10,ios:6;
size:13,ios:3;
size:14,ios:4;
size:18,ios:4;
size:16,ios:5;
size:6,ios:3;
size:8,ios:4;
size:12,ios:4;
size:11,ios:5;
size:11,ios:2;
size:11,ios:5;
size:11,ios:3;
size:10,ios:4;
size:5,ios:3;
size:7,ios:3;
size:8,ios:4;
size:15,ios:4;
size:9,ios:6;
size:6,ios:5;
size:13,ios:5;
size:5,ios:5;
size:14,ios:5;
size:15,ios:6;
size:11,ios:5;
size:16,ios:4;
size:12,ios:4;
size:9,ios:5;
size:8,ios:4;
size:7,ios:2;
size:7,ios:6;
size:7,ios:5;
size:11,ios:4;
size:15,ios:2;
size:5,ios:6;
size:9,ios:7;
size:9,ios:4;
size:7,ios:4;
size:10,ios:4;
size:8,ios:4;
size:10,ios:4;
size:11,ios:3;
size:11,ios:4;
size:16,ios:6;
size:10,ios:4;
size:7,ios:5;
size:10,ios:5;
size:7,ios:4;
size:11,ios:4;
size:7,ios:4;
size:12,ios:6;
size:8,ios:4;
size:9,ios:3;
size:11,ios:3;
size:9,ios:5;
size:12,ios:6;
size:6,ios:4;
size:9,ios:5;
size:10,ios:6;
size:6,ios:5;
size:10,ios:4;
size:3,ios:6;
size:12,ios:5;
size:14,ios:5;
size:14,ios:5;
size:12,ios:5;
size:7,ios:4;
size:12,ios:4;
size:15,ios:5;
size:4,ios:4;
size:8,ios:4;
size:11,ios:5;
size:14,ios:5;
size:9,ios:6;
size:8,ios:2;
size:8,ios:4;
size:10,ios:4;
size:9,ios:5;
size:11,ios:5;
size:8,ios:4;
size:8,ios:4;
size:15,ios:4;
size:5,ios:4;
size:7,ios:4;
size:15,ios:4;
size:18,ios:5;
size:12,ios:4;
size:6,ios:6;
size:9,ios:5;
size:13,ios:4;
size:10,ios:5;
size:8,ios:5;
size:12,ios:6;
size:11,ios:5;
size:4,ios:5;
size:8,ios:4;
size:3,ios:4;
size:9,ios:6;
size:7,ios:3;
size:10,ios:5;
size:5,ios:4;
size:5,ios:6;
size:5,ios:6;
size:9,ios:4;
size:12,ios:4;
size:10,ios:5;
size:7,ios:4;
size:8,ios:4;
size:8,ios:4;
size:12,ios:4;
size:7,ios:5;
size:14,ios:6;
size:7,ios:5;
size:12,ios:6;
size:12,ios:6;
size:13,ios:4;
size:8,ios:5;
size:12,ios:4;
size:7,ios:4;
size:6,ios:4;
size:10,ios:5;
size:6,ios:4;
size:12,ios:5;
size:4,ios:4;
size:10,ios:5;
size:15,ios:5;
size:12,ios:5;
size:13,ios:2;
size:9,ios:6;
size:10,ios:4;
size:6,ios:6;
size:7,ios:4;
size:8,ios:3;
size:9,ios:3;
size:8,ios:5;
size:12,ios:3;
size:11,ios:5;
size:10,ios:4;
size:11,ios:4;
size:8,ios:5;
size:6,ios:4;
size:16,ios:3;
size:8,ios:4;
size:10,ios:3;
size:8,ios:6;
size:9,ios:4;
size:11,ios:4;
size:9,ios:4;
size:19,ios:5;
size:13,ios:4;
size:13,ios:4;
size:13,ios:4;
size:8,ios:4;
size:10,ios:4;
size:12,ios:5;
size:10,ios:5;
size:8,ios:5;
size:10,ios:5;
size:11,ios:4;
size:8,ios:4;
size:15,ios:2;
size:11,ios:5;
size:13,ios:4;
size:10,ios:4;
size:7,ios:4;
size:16,ios:4;
size:9,ios:4;
size:7,ios:4;
size:8,ios:4;
size:10,ios:6;
size:10,ios:4;
size:11,ios:5;
size:12,ios:4;
size:11,ios:5;
size:15,ios:4;
size:13,ios:6;
size:10,ios:5;
size:11,ios:4;
size:10,ios:3;
size:6,ios:5;
size:12,ios:5;
size:9,ios:4;
size:15,ios:5;
size:10,ios:4;
size:12,ios:6;
size:11,ios:5;
size:15,ios:6;
size:11,ios:4;
size:10,ios:5;
size:6,ios:4;
size:8,ios:6;
size:4,ios:4;
size:6,ios:3;
size:11,ios:2;
size:7,ios:5;
size:9,ios:3;
size:12,ios:3;
size:8,ios:4;
size:12,ios:6;
size:12,ios:4;
size:12,ios:6;
size:16,ios:4;
size:14,ios:5;
size:7,ios:4;
size:18,ios:5;
size:10,ios:4;
size:13,ios:4;
size:8,ios:4;
size:17,ios:6;
size:10,ios:4;
size:11,ios:3;
size:8,ios:4;
size:8,ios:5;
size:7,ios:4;
size:11,ios:5;
size:18,ios:6;
size:14,ios:5;
size:8,ios:4;
size:16,ios:5;
size:17,ios:3;
size:13,ios:5;
size:16,ios:5;
size:14,ios:5;
size:12,ios:5;
size:9,ios:5;
size:11,ios:3;
size:8,ios:4;
size:7,ios:5;
size:12,ios:6;
size:13,ios:4;
size:10,ios:5;
size:9,ios:4;
size:10,ios:5;
size:6,ios:5;
size:6,ios:3;
size:6,ios:6;
size:18,ios:5;
size:7,ios:5;
size:12,ios:4;
size:6,ios:4;
size:15,ios:4;
size:11,ios:4;
size:16,ios:5;
size:9,ios:6;
size:12,ios:5;
size:9,ios:3;
size:9,ios:6;
size:9,ios:5;
size:11,ios:4;
size:14,ios:5;
size:9,ios:5;
size:15,ios:5;
size:9,ios:4;
size:7,ios:4;
size:11,ios:5;
size:13,ios:5;
size:10,ios:5;
size:11,ios:4;
size:11,ios:5;
size:11,ios:4;
size:7,ios:5;
size:11,ios:5;
size:13,ios:6;
size:9,ios:4;
size:15,ios:6;
size:7,ios:5;
size:8,ios:5;
size:13,ios:6;
size:17,ios:3;
size:9,ios:5;
size:11,ios:5;
size:5,ios:3;
size:9,ios:5;
size:9,ios:5;
size:9,ios:4;
size:8,ios:4;
size:20,ios:5;
size:13,ios:5;
size:11,ios:3;
size:11,ios:5;
size:12,ios:4;
size:12,ios:5;
size:9,ios:6;
size:10,ios:7;
size:11,ios:3;
size:7,ios:2;
size:8,ios:4;
size:11,ios:5;
size:10,ios:5;
size:14,ios:6;
size:11,ios:3;
size:9,ios:5;
size:9,ios:4;
size:7,ios:5;
size:9,ios:4;
size:10,ios:5;
size:6,ios:4;
size:6,ios:5;
size:7,ios:4;
size:15,ios:5;
size:17,ios:3;
size:10,ios:4;
size:9,ios:5;
size:9,ios:4;
size:11,ios:4;
size:14,ios:3;
size:16,ios:4;
size:14,ios:5;
size:12,ios:6;
size:3,ios:4;
size:16,ios:4;
size:14,ios:3;
size:18,ios:4;
size:10,ios:4;
size:15,ios:4;
size:12,ios:5;
size:5,ios:4;
size:6,ios:4;
size:13,ios:6;
size:17,ios:6;
size:14,ios:5;
size:18,ios:5;
size:10,ios:5;
size:9,ios:4;
size:7,ios:6;
size:22,ios:4;
size:3,ios:2;
size:12,ios:5;
size:10,ios:4;
size:12,ios:5;
size:12,ios:4;
size:13,ios:5;
size:12,ios:5;
size:4,ios:5;
size:10,ios:5;
size:11,ios:3;
size:7,ios:4;
size:8,ios:3;
size:6,ios:4;
size:8,ios:4;
